extensionID,link,source
bhghoamapcdpbohphigoooaddinpkbai,https://chrome.google.com/webstore/detail/bhghoamapcdpbohphigoooaddinpkbai,https://github.com/nicoleahmed/malicious-extensions-list/blob/main/testliveextensions.csv
dnfpooaobokpdfndnhcbegdocljdghcc,https://chrome.google.com/webstore/detail/dnfpooaobokpdfndnhcbegdocljdghcc,https://github.com/nicoleahmed/malicious-extensions-list/blob/main/testliveextensions.csv
eimadpbcbfnmbkopoojfekhnkhdbieeh,https://chrome.google.com/webstore/detail/eimadpbcbfnmbkopoojfekhnkhdbieeh,https://github.com/nicoleahmed/malicious-extensions-list/blob/main/testliveextensions.csv
fndokfnecpehdehdjpdldadienbcjllf,https://chrome.google.com/webstore/detail/fndokfnecpehdehdjpdldadienbcjllf,https://github.com/nicoleahmed/malicious-extensions-list/blob/main/testliveextensions.csv
ldipcbpaocekfooobnbcddclnhejkcpn,https://chrome.google.com/webstore/detail/ldipcbpaocekfooobnbcddclnhejkcpn,https://github.com/nicoleahmed/malicious-extensions-list/blob/main/testliveextensions.csv
pmeknoingfjncbdhempgnkdgojickcko,https://chrome.google.com/webstore/detail/pmeknoingfjncbdhempgnkdgojickcko,https://github.com/nicoleahmed/malicious-extensions-list/blob/main/testliveextensions.csv
aeilijiaejfdnbagnpannhdoaljpkbhe,https://chrome.google.com/webstore/detail/aeilijiaejfdnbagnpannhdoaljpkbhe,https://github.com/palant/malicious-extensions-list/blob/main/list.txt
afdfpkhbdpioonfeknablodaejkklbdn,https://chrome.google.com/webstore/detail/afdfpkhbdpioonfeknablodaejkklbdn,https://github.com/palant/malicious-extensions-list/blob/main/list.txt
anflghppebdhjipndogapfagemgnlblh,https://chrome.google.com/webstore/detail/anflghppebdhjipndogapfagemgnlblh,https://github.com/palant/malicious-extensions-list/blob/main/list.txt
anmbbeeiaollmpadookgoakpfjkbidaf,https://chrome.google.com/webstore/detail/anmbbeeiaollmpadookgoakpfjkbidaf,https://github.com/palant/malicious-extensions-list/blob/main/list.txt
bebmphofpgkhclocdbgomhnjcpelbenh,https://chrome.google.com/webstore/detail/bebmphofpgkhclocdbgomhnjcpelbenh,https://github.com/palant/malicious-extensions-list/blob/main/list.txt
bmkgbgkneealfabgnjfeljaiegpginpl,https://chrome.google.com/webstore/detail/bmkgbgkneealfabgnjfeljaiegpginpl,https://github.com/palant/malicious-extensions-list/blob/main/list.txt
ccjlpblmgkncnnimcmbanbnhbggdpkie,https://chrome.google.com/webstore/detail/ccjlpblmgkncnnimcmbanbnhbggdpkie,https://github.com/palant/malicious-extensions-list/blob/main/list.txt
cclhgechkjghfaoebihpklmllnnlnbdb,https://chrome.google.com/webstore/detail/cclhgechkjghfaoebihpklmllnnlnbdb,https://github.com/palant/malicious-extensions-list/blob/main/list.txt
cfegchignldpfnjpodhcklmgleaoanhi,https://chrome.google.com/webstore/detail/cfegchignldpfnjpodhcklmgleaoanhi,https://github.com/palant/malicious-extensions-list/blob/main/list.txt
cfllfglbkmnbkcibbjoghimalbileaic,https://chrome.google.com/webstore/detail/cfllfglbkmnbkcibbjoghimalbileaic,https://github.com/palant/malicious-extensions-list/blob/main/list.txt
cjljdgfhkjbdbkcdkfojleidpldagmao,https://chrome.google.com/webstore/detail/cjljdgfhkjbdbkcdkfojleidpldagmao,https://github.com/palant/malicious-extensions-list/blob/main/list.txt
coabfkgengacobjpmdlmmihhhfnhbjdm,https://chrome.google.com/webstore/detail/coabfkgengacobjpmdlmmihhhfnhbjdm,https://github.com/palant/malicious-extensions-list/blob/main/list.txt
dcaffjpclkkjfacgfofgpjbmgjnjlpmh,https://chrome.google.com/webstore/detail/dcaffjpclkkjfacgfofgpjbmgjnjlpmh,https://github.com/palant/malicious-extensions-list/blob/main/list.txt
djekgpcemgcnfkjldcclcpcjhemofcib,https://chrome.google.com/webstore/detail/djekgpcemgcnfkjldcclcpcjhemofcib,https://github.com/palant/malicious-extensions-list/blob/main/list.txt
dkbccihpiccbcheieabdbjikohfdfaje,https://chrome.google.com/webstore/detail/dkbccihpiccbcheieabdbjikohfdfaje,https://github.com/palant/malicious-extensions-list/blob/main/list.txt
dlpimjmonhbmamocpboifndnnakgknbf,https://chrome.google.com/webstore/detail/dlpimjmonhbmamocpboifndnnakgknbf,https://github.com/palant/malicious-extensions-list/blob/main/list.txt
dmbjkidogjmmlejdmnecpmfapdmidfjg,https://chrome.google.com/webstore/detail/dmbjkidogjmmlejdmnecpmfapdmidfjg,https://github.com/palant/malicious-extensions-list/blob/main/list.txt
dneifdhdmnmmlobjbimlkcnhkbidmlek,https://chrome.google.com/webstore/detail/dneifdhdmnmmlobjbimlkcnhkbidmlek,https://github.com/palant/malicious-extensions-list/blob/main/list.txt
doiiaejbgndnnnomcdhefcbfnbbjfbib,https://chrome.google.com/webstore/detail/doiiaejbgndnnnomcdhefcbfnbbjfbib,https://github.com/palant/malicious-extensions-list/blob/main/list.txt
dpfofggmkhdbfcciajfdphofclabnogo,https://chrome.google.com/webstore/detail/dpfofggmkhdbfcciajfdphofclabnogo,https://github.com/palant/malicious-extensions-list/blob/main/list.txt
eabhkjojehdleajkbigffmpnaelncapp,https://chrome.google.com/webstore/detail/eabhkjojehdleajkbigffmpnaelncapp,https://github.com/palant/malicious-extensions-list/blob/main/list.txt
ealojglnbikknifbgleaceopepceakfn,https://chrome.google.com/webstore/detail/ealojglnbikknifbgleaceopepceakfn,https://github.com/palant/malicious-extensions-list/blob/main/list.txt
ebdbcfomjliacpblnioignhfhjeajpch,https://chrome.google.com/webstore/detail/ebdbcfomjliacpblnioignhfhjeajpch,https://github.com/palant/malicious-extensions-list/blob/main/list.txt
edlifbnjlicfpckhgjhflgkeeibhhcii,https://chrome.google.com/webstore/detail/edlifbnjlicfpckhgjhflgkeeibhhcii,https://github.com/palant/malicious-extensions-list/blob/main/list.txt
ehmneimbopigfgchjglgngamiccjkijh,https://chrome.google.com/webstore/detail/ehmneimbopigfgchjglgngamiccjkijh,https://github.com/palant/malicious-extensions-list/blob/main/list.txt
ehpgcagmhpndkmglombjndkdmggkgnge,https://chrome.google.com/webstore/detail/ehpgcagmhpndkmglombjndkdmggkgnge,https://github.com/palant/malicious-extensions-list/blob/main/list.txt
ejllkedmklophclpgonojjkaliafeilj,https://chrome.google.com/webstore/detail/ejllkedmklophclpgonojjkaliafeilj,https://github.com/palant/malicious-extensions-list/blob/main/list.txt
ekjogkoigkhbgdgpolejnjfmhdcgaoof,https://chrome.google.com/webstore/detail/ekjogkoigkhbgdgpolejnjfmhdcgaoof,https://github.com/palant/malicious-extensions-list/blob/main/list.txt
elpdbicokgbedckgblmbhoamophfbchi,https://chrome.google.com/webstore/detail/elpdbicokgbedckgblmbhoamophfbchi,https://github.com/palant/malicious-extensions-list/blob/main/list.txt
emeokgokialpjadjaoeiplmnkjoaegng,https://chrome.google.com/webstore/detail/emeokgokialpjadjaoeiplmnkjoaegng,https://github.com/palant/malicious-extensions-list/blob/main/list.txt
eokjikchkppnkdipbiggnmlkahcdkikp,https://chrome.google.com/webstore/detail/eokjikchkppnkdipbiggnmlkahcdkikp,https://github.com/palant/malicious-extensions-list/blob/main/list.txt
epeigjgefhajkiiallmfblgglmdbhfab,https://chrome.google.com/webstore/detail/epeigjgefhajkiiallmfblgglmdbhfab,https://github.com/palant/malicious-extensions-list/blob/main/list.txt
eplfglplnlljjpeiccbgnijecmkeimed,https://chrome.google.com/webstore/detail/eplfglplnlljjpeiccbgnijecmkeimed,https://github.com/palant/malicious-extensions-list/blob/main/list.txt
fbbjijdngocdplimineplmdllhjkaece,https://chrome.google.com/webstore/detail/fbbjijdngocdplimineplmdllhjkaece,https://github.com/palant/malicious-extensions-list/blob/main/list.txt
fbjhgeaafhlbjiejehpjdnghinlcceak,https://chrome.google.com/webstore/detail/fbjhgeaafhlbjiejehpjdnghinlcceak,https://github.com/palant/malicious-extensions-list/blob/main/list.txt
fedchalbmgfhdobblebblldiblbmpgdj,https://chrome.google.com/webstore/detail/fedchalbmgfhdobblebblldiblbmpgdj,https://github.com/palant/malicious-extensions-list/blob/main/list.txt
fobaamfiblkoobhjpiigemmdegbmpohd,https://chrome.google.com/webstore/detail/fobaamfiblkoobhjpiigemmdegbmpohd,https://github.com/palant/malicious-extensions-list/blob/main/list.txt
gaiceihehajjahakcglkhmdbbdclbnlf,https://chrome.google.com/webstore/detail/gaiceihehajjahakcglkhmdbbdclbnlf,https://github.com/palant/malicious-extensions-list/blob/main/list.txt
gbdjcgalliefpinpmggefbloehmmknca,https://chrome.google.com/webstore/detail/gbdjcgalliefpinpmggefbloehmmknca,https://github.com/palant/malicious-extensions-list/blob/main/list.txt
gceehiicnbpehbbdaloolaanlnddailm,https://chrome.google.com/webstore/detail/gceehiicnbpehbbdaloolaanlnddailm,https://github.com/palant/malicious-extensions-list/blob/main/list.txt
ggacghlcchiiejclfdajbpkbjfgjhfol,https://chrome.google.com/webstore/detail/ggacghlcchiiejclfdajbpkbjfgjhfol,https://github.com/palant/malicious-extensions-list/blob/main/list.txt
gjjbmfigjpgnehjioicaalopaikcnheo,https://chrome.google.com/webstore/detail/gjjbmfigjpgnehjioicaalopaikcnheo,https://github.com/palant/malicious-extensions-list/blob/main/list.txt
gpdfpljioapjogbnlpmganakfjcemifk,https://chrome.google.com/webstore/detail/gpdfpljioapjogbnlpmganakfjcemifk,https://github.com/palant/malicious-extensions-list/blob/main/list.txt
hjlekdknhjogancdagnndeenmobeofgm,https://chrome.google.com/webstore/detail/hjlekdknhjogancdagnndeenmobeofgm,https://github.com/palant/malicious-extensions-list/blob/main/list.txt
hnfabcchmopgohnhkcojhocneefbnffg,https://chrome.google.com/webstore/detail/hnfabcchmopgohnhkcojhocneefbnffg,https://github.com/palant/malicious-extensions-list/blob/main/list.txt
iabflonngmpkalkpbjonemaamlgdghea,https://chrome.google.com/webstore/detail/iabflonngmpkalkpbjonemaamlgdghea,https://github.com/palant/malicious-extensions-list/blob/main/list.txt
ibppednjgooiepmkgdcoppnmbhmieefh,https://chrome.google.com/webstore/detail/ibppednjgooiepmkgdcoppnmbhmieefh,https://github.com/palant/malicious-extensions-list/blob/main/list.txt
icchadngbpkcegnabnabhkjkfkfflmpj,https://chrome.google.com/webstore/detail/icchadngbpkcegnabnabhkjkfkfflmpj,https://github.com/palant/malicious-extensions-list/blob/main/list.txt
ielooaepfhfcnmihgnabkldnpddnnldl,https://chrome.google.com/webstore/detail/ielooaepfhfcnmihgnabkldnpddnnldl,https://github.com/palant/malicious-extensions-list/blob/main/list.txt
ifdepgnnjpnbkcgempionjablajancjc,https://chrome.google.com/webstore/detail/ifdepgnnjpnbkcgempionjablajancjc,https://github.com/palant/malicious-extensions-list/blob/main/list.txt
igkkmokkmlbkkgdnkkancbonkbbmkioc,https://chrome.google.com/webstore/detail/igkkmokkmlbkkgdnkkancbonkbbmkioc,https://github.com/palant/malicious-extensions-list/blob/main/list.txt
ijejnggjjphlenbhmjhhgcdpehhacaal,https://chrome.google.com/webstore/detail/ijejnggjjphlenbhmjhhgcdpehhacaal,https://github.com/palant/malicious-extensions-list/blob/main/list.txt
iklgljbighkgbjoecoddejooldolenbj,https://chrome.google.com/webstore/detail/iklgljbighkgbjoecoddejooldolenbj,https://github.com/palant/malicious-extensions-list/blob/main/list.txt
imopknpgdihifjkjpmjaagcagkefddnb,https://chrome.google.com/webstore/detail/imopknpgdihifjkjpmjaagcagkefddnb,https://github.com/palant/malicious-extensions-list/blob/main/list.txt
jchmabokofdoabocpiicjljelmackhho,https://chrome.google.com/webstore/detail/jchmabokofdoabocpiicjljelmackhho,https://github.com/palant/malicious-extensions-list/blob/main/list.txt
jdlkkmamiaikhfampledjnhhkbeifokk,https://chrome.google.com/webstore/detail/jdlkkmamiaikhfampledjnhhkbeifokk,https://github.com/palant/malicious-extensions-list/blob/main/list.txt
jglemppahimembneahjbkhjknnefeeio,https://chrome.google.com/webstore/detail/jglemppahimembneahjbkhjknnefeeio,https://github.com/palant/malicious-extensions-list/blob/main/list.txt
jhkhlgaomejplkanglolfpcmfknnomle,https://chrome.google.com/webstore/detail/jhkhlgaomejplkanglolfpcmfknnomle,https://github.com/palant/malicious-extensions-list/blob/main/list.txt
jiaopkfkampgnnkckajcbdgannoipcne,https://chrome.google.com/webstore/detail/jiaopkfkampgnnkckajcbdgannoipcne,https://github.com/palant/malicious-extensions-list/blob/main/list.txt
jjgnkfncaadmaobenjjpmngdpgalemho,https://chrome.google.com/webstore/detail/jjgnkfncaadmaobenjjpmngdpgalemho,https://github.com/palant/malicious-extensions-list/blob/main/list.txt
jlbpahgopcmomkgegpbmopfodolajhbl,https://chrome.google.com/webstore/detail/jlbpahgopcmomkgegpbmopfodolajhbl,https://github.com/palant/malicious-extensions-list/blob/main/list.txt
jpefmbpcbebpjpmelobfakahfdcgcmkl,https://chrome.google.com/webstore/detail/jpefmbpcbebpjpmelobfakahfdcgcmkl,https://github.com/palant/malicious-extensions-list/blob/main/list.txt
kgfeiebnfmmfpomhochmlfmdmjmfedfj,https://chrome.google.com/webstore/detail/kgfeiebnfmmfpomhochmlfmdmjmfedfj,https://github.com/palant/malicious-extensions-list/blob/main/list.txt
khdnaopfklkdcloiinccnaflffmfcioa,https://chrome.google.com/webstore/detail/khdnaopfklkdcloiinccnaflffmfcioa,https://github.com/palant/malicious-extensions-list/blob/main/list.txt
kjgkmceledmpdnmgmppiekdbnamccdjp,https://chrome.google.com/webstore/detail/kjgkmceledmpdnmgmppiekdbnamccdjp,https://github.com/palant/malicious-extensions-list/blob/main/list.txt
laameccjpleogmfhilmffpdbiibgbekf,https://chrome.google.com/webstore/detail/laameccjpleogmfhilmffpdbiibgbekf,https://github.com/palant/malicious-extensions-list/blob/main/list.txt
lagdcjmbchphhndlbpfajelapcodekll,https://chrome.google.com/webstore/detail/lagdcjmbchphhndlbpfajelapcodekll,https://github.com/palant/malicious-extensions-list/blob/main/list.txt
lbohagbplppjcpllnhdichjldhfgkicb,https://chrome.google.com/webstore/detail/lbohagbplppjcpllnhdichjldhfgkicb,https://github.com/palant/malicious-extensions-list/blob/main/list.txt
ledkggjjapdgojgihnaploncccgiadhg,https://chrome.google.com/webstore/detail/ledkggjjapdgojgihnaploncccgiadhg,https://github.com/palant/malicious-extensions-list/blob/main/list.txt
lgecddhfcfhlmllljooldkbbijdcnlpe,https://chrome.google.com/webstore/detail/lgecddhfcfhlmllljooldkbbijdcnlpe,https://github.com/palant/malicious-extensions-list/blob/main/list.txt
lkahpjghmdhpiojknppmlenngmpkkfma,https://chrome.google.com/webstore/detail/lkahpjghmdhpiojknppmlenngmpkkfma,https://github.com/palant/malicious-extensions-list/blob/main/list.txt
lkciiknpgglgbbcgcpbpobjabglmpkle,https://chrome.google.com/webstore/detail/lkciiknpgglgbbcgcpbpobjabglmpkle,https://github.com/palant/malicious-extensions-list/blob/main/list.txt
lkhhagecaghfakddbncibijbjmgfhfdm,https://chrome.google.com/webstore/detail/lkhhagecaghfakddbncibijbjmgfhfdm,https://github.com/palant/malicious-extensions-list/blob/main/list.txt
lknpbgnookklokdjomiildnlalffjmma,https://chrome.google.com/webstore/detail/lknpbgnookklokdjomiildnlalffjmma,https://github.com/palant/malicious-extensions-list/blob/main/list.txt
lojpdfjjionbhgplcangflkalmiadhfi,https://chrome.google.com/webstore/detail/lojpdfjjionbhgplcangflkalmiadhfi,https://github.com/palant/malicious-extensions-list/blob/main/list.txt
lopnbnfpjmgpbppclhclehhgafnifija,https://chrome.google.com/webstore/detail/lopnbnfpjmgpbppclhclehhgafnifija,https://github.com/palant/malicious-extensions-list/blob/main/list.txt
mdkiofbiinbmlblcfhfjgmclhdfikkpm,https://chrome.google.com/webstore/detail/mdkiofbiinbmlblcfhfjgmclhdfikkpm,https://github.com/palant/malicious-extensions-list/blob/main/list.txt
meffljleomgifbbcffejnmhjagncfpbd,https://chrome.google.com/webstore/detail/meffljleomgifbbcffejnmhjagncfpbd,https://github.com/palant/malicious-extensions-list/blob/main/list.txt
mejjgaogggabifjfjdbnobinfibaamla,https://chrome.google.com/webstore/detail/mejjgaogggabifjfjdbnobinfibaamla,https://github.com/palant/malicious-extensions-list/blob/main/list.txt
mhpcabliilgadobjpkameggapnpeppdg,https://chrome.google.com/webstore/detail/mhpcabliilgadobjpkameggapnpeppdg,https://github.com/palant/malicious-extensions-list/blob/main/list.txt
mkjjckchdfhjbpckippbnipkdnlidbeb,https://chrome.google.com/webstore/detail/mkjjckchdfhjbpckippbnipkdnlidbeb,https://github.com/palant/malicious-extensions-list/blob/main/list.txt
mlkjjjmhjijlmafgjlpkiobpdocdbncj,https://chrome.google.com/webstore/detail/mlkjjjmhjijlmafgjlpkiobpdocdbncj,https://github.com/palant/malicious-extensions-list/blob/main/list.txt
mndiaaeaiclnmjcnacogaacoejchdclp,https://chrome.google.com/webstore/detail/mndiaaeaiclnmjcnacogaacoejchdclp,https://github.com/palant/malicious-extensions-list/blob/main/list.txt
mnlohknjofogcljbcknkakphddjpijak,https://chrome.google.com/webstore/detail/mnlohknjofogcljbcknkakphddjpijak,https://github.com/palant/malicious-extensions-list/blob/main/list.txt
nhnfcgpcbfclhfafjlooihdfghaeinfc,https://chrome.google.com/webstore/detail/nhnfcgpcbfclhfafjlooihdfghaeinfc,https://github.com/palant/malicious-extensions-list/blob/main/list.txt
ninecedhhpccjifamhafbdelibdjibgd,https://chrome.google.com/webstore/detail/ninecedhhpccjifamhafbdelibdjibgd,https://github.com/palant/malicious-extensions-list/blob/main/list.txt
nmigaijibiabddkkmjhlehchpmgbokfj,https://chrome.google.com/webstore/detail/nmigaijibiabddkkmjhlehchpmgbokfj,https://github.com/palant/malicious-extensions-list/blob/main/list.txt
npdkkcjlmhcnnaoobfdjndibfkkhhdfn,https://chrome.google.com/webstore/detail/npdkkcjlmhcnnaoobfdjndibfkkhhdfn,https://github.com/palant/malicious-extensions-list/blob/main/list.txt
npmjjkphdlmbeidbdbfefgedondknlaf,https://chrome.google.com/webstore/detail/npmjjkphdlmbeidbdbfefgedondknlaf,https://github.com/palant/malicious-extensions-list/blob/main/list.txt
oakbcaafbicdddpdlhbchhpblmhefngh,https://chrome.google.com/webstore/detail/oakbcaafbicdddpdlhbchhpblmhefngh,https://github.com/palant/malicious-extensions-list/blob/main/list.txt
obdhcplpbliifflekgclobogbdliddjd,https://chrome.google.com/webstore/detail/obdhcplpbliifflekgclobogbdliddjd,https://github.com/palant/malicious-extensions-list/blob/main/list.txt
ocginjipilabheemhfbedijlhajbcabh,https://chrome.google.com/webstore/detail/ocginjipilabheemhfbedijlhajbcabh,https://github.com/palant/malicious-extensions-list/blob/main/list.txt
oepjogknopbbibcjcojmedaepolkghpb,https://chrome.google.com/webstore/detail/oepjogknopbbibcjcojmedaepolkghpb,https://github.com/palant/malicious-extensions-list/blob/main/list.txt
ofpnikijgfhlmmjlpkfaifhhdonchhoi,https://chrome.google.com/webstore/detail/ofpnikijgfhlmmjlpkfaifhhdonchhoi,https://github.com/palant/malicious-extensions-list/blob/main/list.txt
ogadflejmplcdhcldlloonbiekhnlopp,https://chrome.google.com/webstore/detail/ogadflejmplcdhcldlloonbiekhnlopp,https://github.com/palant/malicious-extensions-list/blob/main/list.txt
ogfjgagnmkiigilnoiabkbbajinanlbn,https://chrome.google.com/webstore/detail/ogfjgagnmkiigilnoiabkbbajinanlbn,https://github.com/palant/malicious-extensions-list/blob/main/list.txt
okkffdhbfplmbjblhgapnchjinanmnij,https://chrome.google.com/webstore/detail/okkffdhbfplmbjblhgapnchjinanmnij,https://github.com/palant/malicious-extensions-list/blob/main/list.txt
oodkhhminilgphkdofffddlgopkgbgpm,https://chrome.google.com/webstore/detail/oodkhhminilgphkdofffddlgopkgbgpm,https://github.com/palant/malicious-extensions-list/blob/main/list.txt
pegfdldddiilihjahcpdehhhfcbibipg,https://chrome.google.com/webstore/detail/pegfdldddiilihjahcpdehhhfcbibipg,https://github.com/palant/malicious-extensions-list/blob/main/list.txt
phfkifnjcmdcmljnnablahicoabkokbg,https://chrome.google.com/webstore/detail/phfkifnjcmdcmljnnablahicoabkokbg,https://github.com/palant/malicious-extensions-list/blob/main/list.txt
phjbepamfhjgjdgmbhmfflhnlohldchb,https://chrome.google.com/webstore/detail/phjbepamfhjgjdgmbhmfflhnlohldchb,https://github.com/palant/malicious-extensions-list/blob/main/list.txt
pjbgfifennfhnbkhoidkdchbflppjncb,https://chrome.google.com/webstore/detail/pjbgfifennfhnbkhoidkdchbflppjncb,https://github.com/palant/malicious-extensions-list/blob/main/list.txt
plmlopfeeobajiecodiggabcihohcnge,https://chrome.google.com/webstore/detail/plmlopfeeobajiecodiggabcihohcnge,https://github.com/palant/malicious-extensions-list/blob/main/list.txt
pmilcmjbofinpnbnpanpdadijibcgifc,https://chrome.google.com/webstore/detail/pmilcmjbofinpnbnpanpdadijibcgifc,https://github.com/palant/malicious-extensions-list/blob/main/list.txt
pmlcjncilaaaemknfefmegedhcgelmee,https://chrome.google.com/webstore/detail/pmlcjncilaaaemknfefmegedhcgelmee,https://github.com/palant/malicious-extensions-list/blob/main/list.txt
pmnphobdokkajkpbkajlaiooipfcpgio,https://chrome.google.com/webstore/detail/pmnphobdokkajkpbkajlaiooipfcpgio,https://github.com/palant/malicious-extensions-list/blob/main/list.txt
pnanegnllonoiklmmlegcaajoicfifcm,https://chrome.google.com/webstore/detail/pnanegnllonoiklmmlegcaajoicfifcm,https://github.com/palant/malicious-extensions-list/blob/main/list.txt
pnlphjjfielecalmmjjdhjjninkbjdod,https://chrome.google.com/webstore/detail/pnlphjjfielecalmmjjdhjjninkbjdod,https://github.com/palant/malicious-extensions-list/blob/main/list.txt
pooaemmkohlphkekccfajnbcokjlbehk,https://chrome.google.com/webstore/detail/pooaemmkohlphkekccfajnbcokjlbehk,https://github.com/palant/malicious-extensions-list/blob/main/list.txt
oiigbmnaadbkfbmpbfijlflahbdbdgdf,https://chrome.google.com/webstore/detail/oiigbmnaadbkfbmpbfijlflahbdbdgdf,https://heimdalsecurity.com/blog/malicious-chrome-extension/
adikhbfjdbjkhelbdnffogkobkekkkej,https://chrome.google.com/webstore/detail/adikhbfjdbjkhelbdnffogkobkekkkej,https://www.mcafee.com/blogs/other-blogs/mcafee-labs/malicious-cookie-stuffing-chrome-extensions-with-1-4-million-users
gbnahglfafmhaehbdmjedfhdmimjcbed,https://chrome.google.com/webstore/detail/gbnahglfafmhaehbdmjedfhdmimjcbed,https://www.mcafee.com/blogs/other-blogs/mcafee-labs/malicious-cookie-stuffing-chrome-extensions-with-1-4-million-users
mmnbenehknklpbendgmgngeaignppnbe,https://chrome.google.com/webstore/detail/mmnbenehknklpbendgmgngeaignppnbe,https://www.mcafee.com/blogs/other-blogs/mcafee-labs/malicious-cookie-stuffing-chrome-extensions-with-1-4-million-users
ngpampappnmepgilojfohadhhmbhlaek,https://chrome.google.com/webstore/detail/ngpampappnmepgilojfohadhhmbhlaek,https://www.bleepingcomputer.com/news/security/fake-chrome-extension-internet-download-manager-has-200-000-installs/
gighmmpiobklfepjocnamgkkbiglidom,https://chrome.google.com/webstore/detail/gighmmpiobklfepjocnamgkkbiglidom,https://blog.avast.com/greedy-cybercriminals-host-malware-on-github
lnedcnepmplnjmfdiclhbfhneconamoj,https://chrome.google.com/webstore/detail/lnedcnepmplnjmfdiclhbfhneconamoj,https://www.tomsguide.com/news/chrome-extension-spyware
npdfkclmbnoklkdebjfodpendkepbjek,https://chrome.google.com/webstore/detail/npdfkclmbnoklkdebjfodpendkepbjek,https://www.tomsguide.com/news/chrome-extension-spyware
oiigbmnaadbkfbmpbfijlflahbdbdgdf,https://chrome.google.com/webstore/detail/oiigbmnaadbkfbmpbfijlflahbdbdgdf,https://www.tomsguide.com/news/chrome-extension-spyware
oonbcpdabjcggcklopgbdagbfnkhbgbe,https://chrome.google.com/webstore/detail/oonbcpdabjcggcklopgbdagbfnkhbgbe,https://www.tomsguide.com/news/chrome-extension-spyware
opahibnipmkjincplepgjiiinbfmppmh,https://chrome.google.com/webstore/detail/opahibnipmkjincplepgjiiinbfmppmh,https://www.tomsguide.com/news/chrome-extension-spyware
pcfapghfanllmbdfiipeiihpkojekckk,https://chrome.google.com/webstore/detail/pcfapghfanllmbdfiipeiihpkojekckk,https://www.tomsguide.com/news/chrome-extension-spyware
lnedcnepmplnjmfdiclhbfhneconamoj,https://chrome.google.com/webstore/detail/lnedcnepmplnjmfdiclhbfhneconamoj,https://github.com/mallorybowes/chrome-mal-ids/blob/master/current-list-meta.csv
npdfkclmbnoklkdebjfodpendkepbjek,https://chrome.google.com/webstore/detail/npdfkclmbnoklkdebjfodpendkepbjek,https://github.com/mallorybowes/chrome-mal-ids/blob/master/current-list-meta.csv
oonbcpdabjcggcklopgbdagbfnkhbgbe,https://chrome.google.com/webstore/detail/oonbcpdabjcggcklopgbdagbfnkhbgbe,https://github.com/mallorybowes/chrome-mal-ids/blob/master/current-list-meta.csv
opahibnipmkjincplepgjiiinbfmppmh,https://chrome.google.com/webstore/detail/opahibnipmkjincplepgjiiinbfmppmh,https://github.com/mallorybowes/chrome-mal-ids/blob/master/current-list-meta.csv
pcfapghfanllmbdfiipeiihpkojekckk,https://chrome.google.com/webstore/detail/pcfapghfanllmbdfiipeiihpkojekckk,https://github.com/mallorybowes/chrome-mal-ids/blob/master/current-list-meta.csv
lnedcnepmplnjmfdiclhbfhneconamoj,https://chrome.google.com/webstore/detail/lnedcnepmplnjmfdiclhbfhneconamoj,https://raw.githubusercontent.com/randomaccess3/detections/main/extensions/chromium/extracted/awake_galcomm.txt
npdfkclmbnoklkdebjfodpendkepbjek,https://chrome.google.com/webstore/detail/npdfkclmbnoklkdebjfodpendkepbjek,https://raw.githubusercontent.com/randomaccess3/detections/main/extensions/chromium/extracted/awake_galcomm.txt
oonbcpdabjcggcklopgbdagbfnkhbgbe,https://chrome.google.com/webstore/detail/oonbcpdabjcggcklopgbdagbfnkhbgbe,https://raw.githubusercontent.com/randomaccess3/detections/main/extensions/chromium/extracted/awake_galcomm.txt
opahibnipmkjincplepgjiiinbfmppmh,https://chrome.google.com/webstore/detail/opahibnipmkjincplepgjiiinbfmppmh,https://raw.githubusercontent.com/randomaccess3/detections/main/extensions/chromium/extracted/awake_galcomm.txt
pcfapghfanllmbdfiipeiihpkojekckk,https://chrome.google.com/webstore/detail/pcfapghfanllmbdfiipeiihpkojekckk,https://raw.githubusercontent.com/randomaccess3/detections/main/extensions/chromium/extracted/awake_galcomm.txt
aapbdbdomjkkjkaonfhkkikfgjllcleb,https://chrome.google.com/webstore/detail/aapbdbdomjkkjkaonfhkkikfgjllcleb,https://github.com/randomaccess3/detections/blob/main/extensions/chromium/suspicious_chromium_extensions.csv
adikhbfjdbjkhelbdnffogkobkekkkej,https://chrome.google.com/webstore/detail/adikhbfjdbjkhelbdnffogkobkekkkej,https://github.com/randomaccess3/detections/blob/main/extensions/chromium/suspicious_chromium_extensions.csv
eenjdnjldapjajjofmldgmkjaienebbj,https://chrome.google.com/webstore/detail/eenjdnjldapjajjofmldgmkjaienebbj,https://github.com/randomaccess3/detections/blob/main/extensions/chromium/suspicious_chromium_extensions.csv
gbnahglfafmhaehbdmjedfhdmimjcbed,https://chrome.google.com/webstore/detail/gbnahglfafmhaehbdmjedfhdmimjcbed,https://github.com/randomaccess3/detections/blob/main/extensions/chromium/suspicious_chromium_extensions.csv
gighmmpiobklfepjocnamgkkbiglidom,https://chrome.google.com/webstore/detail/gighmmpiobklfepjocnamgkkbiglidom,https://github.com/randomaccess3/detections/blob/main/extensions/chromium/suspicious_chromium_extensions.csv
llcdellnofncikmhimjdbkdjgpmcjbik,https://chrome.google.com/webstore/detail/llcdellnofncikmhimjdbkdjgpmcjbik,https://github.com/randomaccess3/detections/blob/main/extensions/chromium/suspicious_chromium_extensions.csv
lnedcnepmplnjmfdiclhbfhneconamoj,https://chrome.google.com/webstore/detail/lnedcnepmplnjmfdiclhbfhneconamoj,https://github.com/randomaccess3/detections/blob/main/extensions/chromium/suspicious_chromium_extensions.csv
mjnbclmflcpookeapghfhapeffmpodij,https://chrome.google.com/webstore/detail/mjnbclmflcpookeapghfhapeffmpodij,https://github.com/randomaccess3/detections/blob/main/extensions/chromium/suspicious_chromium_extensions.csv
mmnbenehknklpbendgmgngeaignppnbe,https://chrome.google.com/webstore/detail/mmnbenehknklpbendgmgngeaignppnbe,https://github.com/randomaccess3/detections/blob/main/extensions/chromium/suspicious_chromium_extensions.csv
ngpampappnmepgilojfohadhhmbhlaek,https://chrome.google.com/webstore/detail/ngpampappnmepgilojfohadhhmbhlaek,https://github.com/randomaccess3/detections/blob/main/extensions/chromium/suspicious_chromium_extensions.csv
npdfkclmbnoklkdebjfodpendkepbjek,https://chrome.google.com/webstore/detail/npdfkclmbnoklkdebjfodpendkepbjek,https://github.com/randomaccess3/detections/blob/main/extensions/chromium/suspicious_chromium_extensions.csv
oiigbmnaadbkfbmpbfijlflahbdbdgdf,https://chrome.google.com/webstore/detail/oiigbmnaadbkfbmpbfijlflahbdbdgdf,https://github.com/randomaccess3/detections/blob/main/extensions/chromium/suspicious_chromium_extensions.csv
oonbcpdabjcggcklopgbdagbfnkhbgbe,https://chrome.google.com/webstore/detail/oonbcpdabjcggcklopgbdagbfnkhbgbe,https://github.com/randomaccess3/detections/blob/main/extensions/chromium/suspicious_chromium_extensions.csv
opahibnipmkjincplepgjiiinbfmppmh,https://chrome.google.com/webstore/detail/opahibnipmkjincplepgjiiinbfmppmh,https://github.com/randomaccess3/detections/blob/main/extensions/chromium/suspicious_chromium_extensions.csv
pcfapghfanllmbdfiipeiihpkojekckk,https://chrome.google.com/webstore/detail/pcfapghfanllmbdfiipeiihpkojekckk,https://github.com/randomaccess3/detections/blob/main/extensions/chromium/suspicious_chromium_extensions.csv
